file_id,file_name,sheet_name,semantic_title,semantic_summary,business_domain,data_purpose,data_category,row_granularity,core_entities,metrics,dimensions,has_time_dimension,time_columns,time_granularity,likely_time_range,primary_topics,keywords,synonyms_or_aliases,related_concepts,possible_user_queries,confidence_score,confidence_notes,confidence_ambiguities
,2025下学习成绩.xlsx,student,2025 Fall Semester Student Course Exam Scores,"This spreadsheet sheet contains 100 rows of individual student exam scores for the 2025 fall semester, with each row representing a single student's scores for three courses: Data Structures, College English 2, and Python Language Basics. The first column is the student ID formatted as SE2025XXXX, followed by numerical scores for each of the three courses.",Education|Higher Education|Student Academic Management,Record individual student course exam scores|Track student academic performance|Generate semester-level student grade reports,Individual Student Score Records|Unaggregated Academic Assessment Data,Individual student's exam scores for three university courses during the 2025 fall semester,Student|University Course|Exam Score,Data Structures Exam Score|College English 2 Exam Score|Python Language Foundation Exam Score,Student ID Number,True,,Semester,2025 Fall Semester (2025下),Student Academic Scores|University Course Grades,student ID|学号|数据结构|大学英语2|python语言基础|考试成绩|2025下|学期成绩,学号 = Student ID|成绩 = Exam Score|2025下 = 2025 Fall Semester|数据结构 = Data Structures|大学英语2 = College English 2|python语言基础 = Python Language Foundation,higher education|academic assessment|course grading|student transcript,What is Data Structures score for student SE2025001?|Show all students' Python language foundation exam scores|Which students scored above 90 in College English 2?|List all exam scores for the 2025 fall semester|Retrieve the scores for student SE2025100 across all three courses|What is the College English 2 score for student SE2025050?,0.98,"All data is clearly defined with explicit headers and sample student records. The only inference is the time range from the filename '2025下学习成绩', which is unambiguous in the Chinese education context. No missing critical information.",
,2025年上成绩.xlsx,student,2025 Spring Semester Student Course Exam Scores,"This spreadsheet sheet contains 100 individual student exam score records for the 2025 spring semester, with each row holding a unique student ID (formatted SE2025XXXX) and their numerical exam scores for three university courses: Marxism Theory, Computer Networks, and C Language Programming Basics.",Education|Higher Education|Student Academic Management|College Course Assessment,Record individual university student course exam scores|Track semester-level student academic performance|Generate official course grade reports for the 2025 spring semester,Individual Student Score Records|Unaggregated Academic Assessment Data|Undergraduate Course Grade Data,Single undergraduate student's exam scores across three university courses during the 2025 spring semester,Student|University Course|Exam Score|Student ID Number,Marxism Theory Exam Score|Computer Networks Exam Score|C Language Programming Basics Exam Score,Student ID Number (SE2025XXXX format),True,,Semester,2025 Spring Semester (2025年上),Student Academic Scores|University Course Grades|Undergraduate Exam Results,学号|马克思主义|计算机网络|C语言编程基础|考试成绩|2025年上|学期成绩|student ID|exam score|course grade,学号 = Student ID|马克思主义 = Marxism Theory|计算机网络 = Computer Networks|C语言编程基础 = C Language Programming Basics|2025年上 = 2025 Spring Semester,higher education|academic assessment|course grading|student transcript|university academic performance|grade reporting,What is Marxism Theory score for student SE2025001?|Show all students' C Language Programming Basics exam scores|Which students scored above 90 in Computer Networks?|Retrieve 2025 spring semester student exam score records|List all scores for student SE2025100 across all three courses|What is the Computer Networks score for student SE2025050?,0.98,"All table structure, headers, and sample data are explicit and consistent. The time range is directly inferred from the filename, which is unambiguous in the Chinese higher education context. No missing critical information or ambiguous details.",
,inspect_file_test_file.xlsx,report_with_embedded_aggregatio,February 2025 Property Electricity Usage Report,"This sheet contains aggregated monthly electricity consumption data for February 2025, with multi-layered headers: first column lists property/commercial sites, followed by two usage categories (Office and Public Equipment & Lighting) with consumption measured in kWh/degrees, plus a final grand total row for all usage across all sites.",Facilities Management|Real Estate Property Management|Utility Usage Tracking|Administrative Operations,Record monthly electricity consumption by site and usage category|Calculate aggregated total usage for the reporting period|Support energy auditing and utility cost allocation,Aggregated Monthly Utility Report Data|Property-Level Electricity Consumption Statistics|Summary Energy Usage Records,Each non-total data row represents a single property/site's electricity consumption across two usage categories; the final row is the grand total of all consumption across all sites and categories,Property Site/Complex|Electricity Usage Category|Monthly Electricity Consumption|Reporting Period,Office Electricity Consumption (kWh/degree)|Public Equipment & Lighting Electricity Consumption (kWh/degree),Reporting Month (February 2025)|Property Site Name|Electricity Usage Category,True,,Monthly,February 2025 (2025年2月),Electricity Usage Reports|Property Utility Consumption|Monthly Energy Statistics,2025年2月|用电报表|办公用电|公共设备与照明用电|用电量|徽苑|公租房|总计量|电费统计|electricity usage|kWh|monthly report,01办公 = Office Usage Category|04公共设备与照明 = Public Equipment & Lighting Usage Category|用量（度）= Electricity Consumption (kWh/degree)|2025年2月 = February 2025,facilities management|property operations|energy tracking|utility billing|energy auditing,What was the total office electricity usage in February 2025?|How much public lighting electricity did Di Hui Yuan use in Feb 2025?|List all property sites' office electricity consumption for February 2025|Show the grand total electricity usage across all sites in February 2025|Which property sites had no office electricity usage in February 2025?|What is the public equipment electricity usage for Xin Hui Phase 1?,0.95,"All structural elements (report title, multi-layered headers, data rows, aggregated total row) are clearly identifiable from the sheet preview. The only uncertainty is the exact definition of the '公司（人事）' site category, which does not impact core semantic understanding.",Unclear specific definition of the '公司（人事）' site classification
,新乡市固定资产投资项目表（总表）.xlsx,Sheet1,Xinxiang City Fixed Asset Investment Project Comprehensive Statistical Report (Total Table),"This sheet contains aggregated fixed asset investment project statistics for Xinxiang City, with multi-layered headers breaking down metrics by administrative region and municipal department. Metrics include total project count, total investment, annual planned investment, year-to-date cumulative completed investment, and project lifecycle breakdowns for ongoing, planned new start, pre-development, planned, suspended/delayed, canceled, and completed projects, plus an overall city grand total row.",Government Economic Management|Fixed Asset Investment Statistics|Local Administrative Economic Reporting|Infrastructure & Real Estate Investment Tracking,Track and report municipal fixed asset investment project status and metrics|Break down investment data by administrative region and government department|Support local economic planning and investment policy formulation|Provide official aggregated investment statistics for Xinxiang City,Aggregated Government Statistical Report Data|Fixed Asset Investment Project Breakdowns|Year-to-Date Economic Performance Metrics,"Each row represents a statistical grouping: either the overall Xinxiang City grand total, a county-level administrative district, a municipal government industry department, or a consolidated 'other departments' grouping, with all associated fixed asset investment metrics and project lifecycle breakdowns.",Fixed Asset Investment Project|Xinxiang City Administrative Region|Municipal Government Department|Project Lifecycle Stage|Investment Metric,Total Number of Projects|Total Investment Amount|Annual Planned Investment Amount|Year-to-Date Cumulative Completed Investment|Ongoing Project Count|Ongoing Project Total Investment|Ongoing Project Annual Planned Investment|Ongoing Project Cumulative Completed Investment|Ongoing Project Investment Completion Rate|Planned New Start Project Count|Planned New Start Project Total Investment|Pre-development Project Count|Pre-development Project Total Investment|Planned Project Count|Planned Project Total Investment|Suspended/Delayed Project Count|Suspended/Delayed Project Total Investment|Canceled Project Count|Canceled Project Total Investment|Completed Project Count|Completed Project Total Investment,"Administrative Geographic Region (Xinxiang City, counties/districts, municipal bureaus)|Municipal Government Department|Project Lifecycle Stage",True,,Year-to-Date,"Current calendar year (no explicit year specified, implied by '年初以来' = since start of year)",Xinxiang City Fixed Asset Investment Statistics|Government Project Investment Reporting|Local Economic Performance Tracking,新乡市|固定资产投资|项目表|总表|项目个数|总投资|年度计划投资|年初以来累计完成投资|在建项目|计划新开工项目|前期项目|谋划项目|停缓建项目|撤销项目|竣工项目|县市区|行业部门|投资完成率,年初以来累计完成投资 = Year-to-Date Cumulative Completed Investment|在建项目 = Ongoing Construction Projects|计划新开工项目 = Planned New Start Projects|停缓建项目 = Suspended/Delayed Projects|撤销项目 = Canceled Projects|竣工项目 = Completed Projects,local government economics|infrastructure investment|real estate development|economic planning|investment policy,What is the total number of fixed asset investment projects in Xinxiang City?|Show fixed asset investment metrics for Changyuan City|List municipal bureau fixed asset investment data for Xinxiang City|What is the annual planned investment for the Municipal Housing and Urban-Rural Development Bureau?|How many ongoing projects are there in Xinxiang City?|Show the total investment amount for all planned new start projects across the city,0.97,"All table structure, multi-layered headers, data groupings, and metric definitions are clearly identifiable from the sheet preview. The only ambiguity is the exact reporting calendar year, which is not explicitly stated, only implied by the '年初以来' year-to-date metric. All core business meanings are correctly inferred from the input data.",Exact reporting calendar year is not explicitly specified in the sheet preview
,example_table.xlsx,PELAGIC,UK Pelagic Fish Fishery Weekly Landings and Quota Uptake Report,"This sheet contains aggregated weekly and year-to-date pelagic fish fishery statistics for UK vessels, including landing volumes by regional fishing grounds, year-over-year percentage changes between 2022 and 2023, and quota uptake metrics, with supporting explanatory notes at the bottom of the sheet.",Fisheries Management|Marine Resource Monitoring|UK Commercial Fishing Industry|Fisheries Statistical Reporting,Track weekly pelagic fish landings by UK fishing vessels|Compare year-over-year fishery metrics between 2022 and 2023|Report quota utilization and uptake for pelagic fish stocks|Document adjusted approximate landing comparisons for delayed 2022 landing notifications,Aggregated Weekly Fisheries Statistical Report|Pelagic Fish Landing & Quota Uptake Data|Cross-Year Comparative Fishery Metrics,"Each non-note data row represents a single pelagic fish stock (or regional sub-stock) with associated landing volumes, regional breakdowns, year-over-year changes, and quota uptake metrics for the current reporting period.",Pelagic Fish Stock|UK Commercial Fishing Vessel|Fisheries Landing|Fishing Quota|Reporting Region|Reporting Period,Total Landings by UK Vessels|Landings in Scotland|Landings in England/Wales/Northern Ireland|Landings Abroad|Year-over-Year Percentage Change in Landings|Quota Uptake in Past Week|Year-to-Date Quota Uptake (2022/2023)|Year-over-Year Percentage Change in Quota Uptake|Total Quota Allocation|Landing/Quota Volume in Tonnes,"Pelagic Fish Stock Name|Reporting Region|Reporting Year (2022, 2023)|Time Period (Weekly, Year-to-Date)",True,2022|2023,Weekly + Year-to-Date,"2022-2023 weekly fisheries reporting period, with 2022 data adjusted for a 2-week landing notification delay",Pelagic Fishery Statistics|UK Fish Landings|Fisheries Quota Uptake|Cross-Year Fishery Comparison,pelagic fish|herring|mackerel|blue whiting|sandeels|fisheries landings|quota uptake|UK fisheries|2022|2023|Scotland landings|tonnes of fish,landings = total fish catch volume|quota uptake = quota utilization rate|WC = West Coast|NS = North Sea,fisheries management|marine conservation|commercial fishing|quota allocation|fisheries monitoring,What were the 2023 total landings for North Sea Herring?|Compare 2022 vs 2023 landings for West Coast Mackerel|Show quota uptake metrics for Blue Whiting stocks in 2023|What is the percentage change in landings for the IVa sub-stock of West Coast Mackerel?|Explain the note about approximate 2022 landing comparisons|List total UK landings for all pelagic stocks in 2022,0.95,"All core table structure, metrics, and entities are clearly identifiable from the sheet preview. Supporting explanatory notes are clearly separated from the main data rows. Most abbreviations and stock groupings are inferable from standard fisheries terminology.","Exact regional stock code definitions (e.g., IVa, IIIa IVbc)|Exact start/end date of the reporting week|Meaning of partially labeled far-right table columns"
,student.xlsx,student,2025 Intake Software Engineering Undergraduate Student Course Exam Score Records,"This sheet contains complete academic records for 100 2025-intake undergraduate software engineering students (split into Class 1 and Class 2), including personal demographic details (student ID, name, gender, class), exam scores for 6 university courses, and each student's cumulative total exam score across all courses.",Education|Higher Education|Student Academic Management|Undergraduate Course Assessment,Record individual student personal details and course exam scores|Calculate total cumulative grade for each student|Track class-level academic performance for the 2025 software engineering cohort,Individual Student Academic Score Records|Undergraduate Course Grade Data|Unaggregated Student Performance Metrics,"Single 2025-intake software engineering undergraduate student, including their personal details, 6 course exam scores, and total cumulative exam score",Undergraduate Student|Software Engineering Class|University Course|Exam Score|Student ID Number,Marxism Theory Exam Score|Computer Networks Exam Score|C Language Programming Basics Exam Score|Data Structures Exam Score|College English 2 Exam Score|Python Language Basics Exam Score|Total Cumulative Exam Score,Student ID Number|Student Full Name|Student Gender|Class (Software Engineering 1/2)|Course Name,True,,Academic Semester,2025 Undergraduate Semester (implied by student ID prefix SE2025),Student Academic Scores|Software Engineering Undergraduate Grades|Personal Student Academic Records,学号|姓名|性别|班级|马克思主义|计算机网络|C语言编程基础|数据结构|大学英语2|python语言基础|总分|软工1班|软工2班|student ID|exam score|total grade|undergraduate grades,学号 = Student ID Number|姓名 = Student Full Name|性别 = Student Gender|总分 = Total Cumulative Exam Score|软工1班 = Software Engineering Class 1|软工2班 = Software Engineering Class 2,higher education|academic grading|student transcript|class performance tracking|university academic administration,What is the total exam score for student SE2025014?|Show all students in Software Engineering Class 1 and their course scores|What was the Data Structures score for student Liu Yu (SE2025001)?|List all female students in the 2025 software engineering cohort|What is the average total score across all software engineering students?|Show Python language foundation exam scores for all students|Find students with a total score above 500,0.98,"All table structure, headers, and sample data are explicit and consistent. The only minor ambiguity is that no explicit academic semester/year is stated beyond the student ID prefix SE2025, which is a standard Chinese university student ID format.",
,,,Insufficient Excel Sheet Data to Determine Semantic Title,"No valid table, header, or row data was provided in the input, so a meaningful semantic summary cannot be generated.",,,,Unknown (no valid sheet data provided),,,,False,,,,,,,,,0.0,No valid Excel sheet content was provided in the input. All semantic analysis fields are unresolvable due to missing table data.,No sheet data exists to identify ambiguities or context
,2025下学习成绩.xlsx,student,2025 Second Semester Undergraduate Student Course Exam Scores,"This sheet contains 100 individual student records, each with a unique student ID and exam scores for three university courses: Data Structures, College English 2, and Python Language Basics, covering the 2025 second semester.",Education|Higher Education|Academic Records Management,Recording individual student academic performance|Storing course exam score data for undergraduate students,Exam Score Records|Student Academic Performance Data,Single student's exam scores across three specified university courses,Student|University Course|Student Exam Score,Data Structures Exam Score|College English 2 Exam Score|Python Language Basics Exam Score,Student Unique ID Number|Course Name,True,,Semester,2025 Second Semester,Student Exam Scores|University Course Grades|Academic Performance Records,student scores|exam grades|data structures|college english 2|python language basics|学号|大学英语2|python语言基础|学习成绩|学生成绩|2025 second semester|2025下,grades|marks|student number|课程成绩|exam results,academic assessment|undergraduate education|educational records|course performance,What is the data structures score for student SE2025001?|What is the average college english 2 exam score?|List all students' python language basics scores|Show all student exam scores for 2025 second semester|Find students with scores above 90 in multiple courses|Retrieve student ID for high-performing students,0.95,"All data is clearly structured and consistent. No explicit time column per row, but the file name confirms the overall 2025 second semester time period. No conflicting or ambiguous data points found.",
,2025下学习成绩.xlsx,student,2025年下半年学生课程成绩表,"This sheet contains detailed course scores for 100 software engineering students (ID range SE2025001 to SE2025100) during the 2025 second semester, covering three courses: 数据结构, 大学英语2, and Python语言基础. Each row corresponds to one student's scores across all three listed courses, with a total of 100 data rows plus 1 header row.",Education|Higher Education|Student Academic Administration,Recording semester course grades for individual students|Tracking academic performance of enrolled students,Academic Performance Records|Student Grading Data|Course Assessment Results,Single student's course scores for the 2025 second semester,Student|Course|Course Score,Numeric course grade on a 0-100 scale,Student ID|Course Name,True,,Academic Semester,2025 Second Semester (2025下半年),Student course scores|Academic grading|Software engineering student performance,学号|学生成绩|数据结构|大学英语2|python语言基础|2025下半年|课程分数|学生ID|SE2025,学生编号|大学英语II|Python基础,Student transcript|Academic assessment|Grade reporting|Course evaluation,What is the score of student SE2025001 in data structure?|List all scores for College English 2|Show Python language foundation scores for all students|Get the grades for student SE2025100|Calculate the average score for the data structure course|Find students with scores above 90 in Python language基础,0.95,"All data is consistent with clear headers and sample rows. The inference of software engineering major is based on the SE prefix in student IDs, which is a reasonable assumption. No critical ambiguities exist in the dataset.",
,2025年上成绩.xlsx,student,2025年上半年学生课程成绩表,"This sheet contains course score records for 100 software engineering students (ID range SE2025001 to SE2025100) during the 2025 first semester, covering three courses: 马克思主义, 计算机网络, and C语言编程基础. Each row corresponds to one student's scores across all three listed courses, with 1 header row and 100 valid data rows.",Education|Higher Education|Student Academic Administration|College Course Assessment,Recording spring 2025 semester course grades for individual students|Tracking academic performance of enrolled software engineering students|Compiling official student academic score data,Academic Performance Records|Student Grading Data|Course Assessment Results|Undergraduate Course Score Data,Single software engineering student's scores for three courses during the 2025 first semester,Student|College Course|Course Score|Student Identification Number,0-100 scale numeric course grade,Student ID|Course Name|Academic Semester,True,,Academic Semester,2025 First Semester (2025年上半年),学生课程成绩|2025年上半年学业成绩|软件工程学生成绩,学号|学生成绩|马克思主义|计算机网络|C语言编程基础|2025年上半年|SE2025|课程分数|学生ID,学生编号|马原|C语言基础|大学计算机网络,学生成绩单|学业评估|成绩查询|学分统计|学业表现分析,查询学生SE2025001的马克思主义课程成绩|列出所有学生的计算机网络课程成绩|计算C语言编程基础课程的平均分|找出C语言编程基础成绩超过90分的学生|查看学生SE2025100的全部课程成绩|查询2025年上半年所有学生的马克思主义课程成绩,0.95,"All inferences are supported by the provided file name, sheet headers, and sample data rows. The SE prefix in student IDs reasonably indicates software engineering student status. No critical ambiguities or unsupported assumptions are present.",
,inspect_file_test_file.xlsx,report_with_embedded_aggregatio,2025年2月分类用电汇总报表,"This is a February 2025 electricity consumption report tracking usage in kilowatt-hours (度) across multiple property locations including residential communities, office spaces, and public facilities. Data is split into two usage categories: Office (01办公) and Public Equipment & Lighting (04公共设备与照明), with a final aggregate total row summarizing overall usage. The sheet includes 1 title row, 2 header rows, 33 individual location data rows, and 1 total aggregate row.",Public Utilities Management|Real Estate Property Administration|Energy Consumption Tracking|Facility Operations,Record monthly electricity usage for property locations|Categorize energy consumption by usage type|Generate aggregated total electricity usage reports|Support energy cost allocation and facility management,Utility Consumption Records|Monthly Energy Usage Reports|Aggregated Facility Energy Data|Property Operational Metrics|Summary Report Data,Non-total data rows represent electricity usage for a single property/location across the two defined usage categories; the final row is the total aggregated usage across all listed locations and categories.,Electricity Consumption|Property Location|Usage Category|Monthly Energy Usage Metric,"Electricity Usage Volume (kilowatt-hours, 度)",Reporting Month (February 2025)|Usage Category|Property Location Name,True,,Monthly,February 2025 (2025年2月),2025年2月用电报表|社区用电统计|分类用电量统计,用电报表|2025年2月|办公用电|公共设备与照明用电|用电量（度）|徽苑|奥青城|新慧|总用电量,电费用量|kWh|公共照明用电|办公区用电,能源管理|物业收费|月度能耗分析|设施运维|能耗成本核算,2025年2月奥青城三期的办公用电量是多少？|国徽苑的公共设备照明总用电量是多少？|获取2025年2月的总用电汇总数据|查看各个徽苑的办公用电用量|统计新慧系列区域的总用电量|查询2025年2月金辉悦府的用电数据,0.92,"All inferences are fully supported by the provided sheet data, including the title row, multi-part headers, individual location data rows, and final aggregate total row. The only minor ambiguity is that some property locations have blank or zero office usage values, which may indicate missing data or no applicable usage with no explicit clarification in the source.","Some property locations have blank or zero office usage values, with no explicit note on whether this represents no usage or missing data."
,inspect_file_test_file.xlsx,report,2024年7月居民消费价格主要数据报表,本报表包含2024年7月全国居民消费价格指数(CPI)核心数据，涵盖整体居民消费价格、城乡分类、食品/非食品、消费品/服务、剔除食品能源的核心CPI的环比、同比涨跌幅，以及1-7月累计同比涨跌幅；同时按类别分列出8大类商品及服务的价格变动数据，包含各细分品类的涨跌幅指标。,宏观经济|居民消费价格统计|国民经济监测|物价指数发布,发布2024年7月官方居民消费价格指数数据|按类别和地域拆解居民消费价格变动情况|提供本年1-7月累计物价变动统计数据,经济统计报表|居民消费价格指数数据|宏观经济监测指标|汇总型经济数据,每条非标题/表头行对应一类居民消费价格类别（整体指数、大类、细分品类），包含对应报告期的价格变动百分比数据。,居民消费价格指数(CPI)|价格涨跌幅百分比|商品服务类别|城乡地域,环比涨跌幅(%)|同比涨跌幅(%)|1-7月累计同比涨跌幅(%),报告月份(2024年7月)|价格统计类别|地域细分(城镇/农村/全国)|商品服务细分品类,True,,月度、1-7月累计,2024年7月，2024年1月至7月,2024年7月CPI数据|居民消费价格指数|物价变动统计,CPI|居民消费价格|环比涨跌幅|同比涨跌幅|2024年7月|食品烟酒|衣着|居住|交通通信|教育文化娱乐|医疗保健|其他用品及服务,物价指数|月环比涨幅|同比涨幅|累计涨跌幅|鲜菜|畜肉类,宏观经济|物价调控|居民生活成本|经济数据分析|国民经济运行,2024年7月全国居民消费价格环比涨了多少？|7月鲜菜价格同比涨幅是多少？|查询2024年7月城镇CPI同比变化|医疗保健类价格7月同比涨了多少？|2024年1-7月全国CPI累计同比涨跌幅是多少？|猪肉价格2024年7月的环比涨幅是多少？,0.98,所有推断均基于提供的Excel表格内容，包括标题行、多阶嵌套表头、各类别价格变动数据及累计指标，数据结构清晰，无明显歧义。,未明确说明数据为全国范围还是特定区域，但结合报表内容符合国家统计局发布的CPI报表标准，默认推断为全国数据。
,inspect_file_test_file.xlsx,empty,空白测试工作表（仅含单个数值）,该工作表来自inspect_file_test_file.xlsx工作簿，共4行2列，除单元格B4包含数值1外其余所有单元格均为空白，无结构化表头、业务标签或完整数据结构。,测试电子表格工具|数据验证|占位文档,作为空白测试/验证工作表用于Excel文件处理测试|测试对近乎空白电子表格数据的处理能力,空白测试数据|占位工作表|最小数据工作表,无统一业务行粒度；仅1行包含单个数值，其余3行均为全空白行,,未命名数值（单个条目为1）,,False,,,,空白Excel工作表|空白测试表|最小数据工作表,空白表|空白工作表|测试表|数值1|Excel占位符,占位表|测试空白表,Excel文件测试|数据验证|电子表格维护,empty工作表中有什么数据？|显示空白测试表中的单个数值|该工作表是否包含有效业务数据？|查看近乎空白的Excel工作表,0.75,仅存在一个非空白单元格且无上下文标签，无法确认确切的业务用途和实体定义，所有推断均基于工作表的空白状态和单个数值条目。,无明确业务背景、指标名称或行列定义，单个数值条目无标注含义
,inspect_file_test_file.xlsx,multiple_header,门店销售周报分析报表,"This sheet is a complete store sales weekly analysis report, including 1 title row, 2 layered header rows, sales performance data for 5 individual stores, and 1 aggregated total row. Metrics covered: monthly sales amount, sales completion rate, last week/this week sales quantity, sales amount, average unit price, month-on-month change rates for key metrics, plus monthly sales and completion rate rankings for all stores.",Retail Operations|Sales Analytics|Store Performance Management|Commercial Retail Management,Track weekly and monthly sales performance for individual retail stores|Monitor sales completion rates against targets|Compare sales changes between last week and current week|Rank stores by monthly sales and completion rate|Generate aggregated total sales metrics across all participating stores,Retail Sales Performance Reports|Weekly Sales Analytics Data|Store KPI Metrics|Aggregated Business Summary Data,Non-total rows represent complete sales performance metrics for a single retail store; the final row represents aggregated total metrics across all 5 stores.,Retail Store|Sales Volume|Sales Completion Rate|Weekly Sales Metric|Average Unit Price|Sales Ranking,Monthly Sales Amount|Sales Completion Rate (ratio)|Weekly Sales Quantity|Weekly Sales Amount|Weekly Average Unit Price|Month-on-Month Change Rate for Sales Metrics,Store Name|Reporting Time Period (Weekly/Monthly)|Sales Metric Type,True,,Weekly and Monthly,Current reporting weekly period and cumulative monthly sales (no specific date provided in the sheet),Store Sales Weekly Analysis|Store Sales Performance Ranking|Retail Sales Metric Statistics,门店销售|周报分析|月销|销售完成率|环比变化|销售排名|平均单价|店铺销售额|上周销量|本周销量,分店|销售额|周环比|销售达成率|销量金额|门店业绩,Retail Operations|Sales KPI|Store Performance Evaluation|Sales Data Analysis|Aggregated Business Reporting,各门店的月度销售额分别是多少？|查询四店的销售完成率数据|哪个门店的月度销售额最高？|五店的本周销售额环比变化是多少？|查看所有门店的销售总汇总数据|各门店的销售完成率排名情况如何？|计算所有门店的平均单价,0.94,"All inferences are fully supported by the sheet's title, multi-layered headers, and sample data rows. No critical unsupported assumptions are made. The only minor ambiguity is the non-standard formatting of some month-on-month change values (e.g., '-17 6%' which likely intends '-17.6%').","Some month-on-month change values have non-standard formatting (e.g., '-17 6%' instead of standard percentage notation) with no explicit correction note in the source data."
,inspect_file_test_file.xlsx,very_complex,近三年零售板块新提拔干部综合分析报表,本工作表为零售板块近三年新提拔干部的综合分析报表，包含1个标题行、3层嵌套表头行，总计34行数据。报表涵盖干部的员工编号、姓名、提拔时间、前后部门与职务变动、前后台分类、多年度绩效考评、360评估得分、业绩分类、任务完成率及排名等完整信息，包含针对未参与考评的新提拔干部的专项备注。,人力资源管理|零售板块人事管理|员工绩效评估|干部提拔考核,追踪零售板块新提拔干部的人事变动与绩效表现|统计干部提拔后的岗位与部门调整情况|整合多维度绩效考评与完成率数据|为零售板块人才管理与考核提供数据支撑,人事管理记录|干部提拔绩效报表|员工绩效评估数据|零售人才管理档案,每条非表头/标题行对应一名零售板块新提拔干部的完整人事与绩效档案,新提拔干部|零售部门|岗位职务|绩效考评|提拔时间|完成率指标|排名指标,绩效考评分数|360评估得分|任务完成率|业绩排名|提拔日期|部门/岗位变动记录,干部员工编号|干部姓名|提拔日期|原部门/现部门|原职务/现职务|前后台分类|考评周期|绩效分类,True,提拔时间|近三年考评年度（2022、2023、2024）|2025年考评节点,年度、月度,2022年至2025年，覆盖近三年干部提拔周期,零售板块新提拔干部分析|干部绩效考评|人事变动追踪,新提拔干部|零售板块|员工编号|提拔时间|部门调动|绩效考评|360评估|完成率|业绩排名|前后台分类,干部晋升|人事分析|绩效评分|岗位调整,人才管理|干部考核|人事调动|零售金融管理,查询零售板块新提拔干部的完整名单|查看干部井明磊的提拔时间与岗位变动|统计2023年新提拔的干部数量|获取新提拔干部的业绩排名数据|查看未参与考评的新提拔干部名单,0.9,所有推断均基于提供的标题、分层表头与样本数据，部分行存在缺失数据或非标准标注（如“不参与”考评），部分绩效分类缩写无明确释义，存在少量理解歧义。,部分绩效分类缩写（如A2、A3）无明确官方释义|部分单元格标注“不参与”未说明具体原因|部分列名存在多层拆分，存在少量理解偏差
,inspect_file_test_file.xlsx,complex_china_report,部分高中历史类学科成绩排名及2026届高三区摸底批次分数线报表,"This sheet contains two sections of educational exam data: 1) Average scores and subject-specific rankings for 6 local high schools' 2026 history-track senior year students, with subject group leaders noted for each exam subject, plus missing biology score data for some schools; 2) District摸底 exam batch cutoff scores for both physics-track and history-track 2026 senior year students, including subject minimums, three-subject total cutoff, and overall total cutoff scores. Blank rows separate the two data sections.",Education|High School Academic Assessment|District Exam Management|Student Score Statistics,Track average subject scores and inter-school rankings for local high school history-track students|Publish district摸底 exam batch cutoff scores for the 2026 senior year cohort|Support academic teaching analysis and student performance evaluation,High School Exam Score Report|Subject Average Ranking Data|College Entrance Exam Batch Cutoff Data|Regional Mock Exam Statistics,First data section: Each non-empty row corresponds to a single high school's history-track exam average scores and subject rankings; Second data section: Each batch row corresponds to a score tier's cutoff metrics for physics/history track students.,High School|History-track Senior Student|Physics-track Senior Student|Exam Average Score|Exam Ranking|Admission Batch Cutoff,Subject Average Score|Subject Exam Ranking|Three-subject Total Cutoff Score|Overall Total Cutoff Score,School Name|Exam Subject|Student Track (History/Physics)|Admission Batch Tier|Exam Period (2026 Senior Year First Semester),True,,Academic Semester/Year,2026 Senior Year First Semester (2026届高三第一学期),高中历史类成绩排名|区摸底考试分数线|学科平均分统计,历史类平均分|高中排名|批次分数线|区摸底|学科平均分|西樵高中|罗村高中|南海科学高中|2026届高三,文科历史类|理科物理类|高考模拟分数线|校际成绩对比|学科排名,高中教学评估|高考志愿填报|区域教育管理|学生成绩分析,西樵高中的语文平均分是多少？|罗村高中的各科排名情况如何？|2026届历史类第一批批次分数线是多少？|列出所有高中的数学平均分及排名|物理类第二批批次的总分 cutoff 是多少？|桂华中学的生物平均分数据是否存在？,0.93,"All inferences are fully supported by the sheet's title, layered headers, and sample data. Blank rows are correctly excluded from active data analysis. Only minor ambiguity exists around missing biology score entries.",Some high schools have missing biology score entries with no explicit note explaining the absence.
,inspect_file_test_file.xlsx,report-no-sum,表8 不同特征群体中医药健康文化知识大众媒体获取情况统计表,本工作表为中医药健康文化知识大众媒体获取情况的人口特征统计报表，涵盖城乡、性别、年龄组、文化程度、慢病患病情况、职业、家庭年收入共7类人口维度，每个子群体对应一行数据，包含大众媒体整体获取率及电视、图书、报纸、杂志、广播、互联网、手持终端共7类细分媒体的百分比获取率，未设置汇总总计行。,公共卫生|中医药文化推广|健康传播研究|人口统计调查,分析不同人口群体通过大众媒体获取中医药健康文化知识的差异|统计各群体对不同媒体渠道的使用偏好|为中医药健康文化推广的媒体策略制定提供数据支撑,人口统计调查数据|健康传播指标统计|媒体获取率报表|公共卫生调研数据,每一行对应一个特定的人口特征子群体，包含该群体的各类媒体获取率数据,人口特征群体|中医药健康文化知识|大众媒体渠道|媒体获取率,大众媒体整体获取率(%)|电视媒体获取率(%)|图书媒体获取率(%)|报纸媒体获取率(%)|杂志媒体获取率(%)|广播媒体获取率(%)|互联网媒体获取率(%)|手持终端媒体获取率(%),人口分类维度（城乡、性别、年龄组、文化程度、慢病状态、职业、家庭年收入）|媒体类型,False,,,,中医药健康文化媒体获取情况|不同群体媒体使用差异|健康传播调查,中医药健康文化|大众媒体|媒体获取率|人口特征|城乡差异|年龄分组|职业差异|家庭年收入|慢病情况,中医健康文化|媒体访问率|人群分组|媒体使用率,健康传播|中医药推广|公共卫生|人口统计学,城市和农村群体的中医药健康文化媒体获取率分别是多少？|25~34岁群体的互联网媒体获取率是多少？|不同文化程度群体的图书媒体获取率差异如何？|慢病患者与健康群体的媒体获取率有何不同？|家庭年收入≥50000元群体的手持终端媒体获取率是多少？|男性和女性群体的媒体获取率差异如何？,0.97,所有数据均有明确的人口分类标签和媒体指标标注，报表逻辑清晰，无缺失核心结构，仅未包含时间维度信息，无明显歧义。,
,inspect_file_test_file.xlsx,report-with-note,2023年3月上海市规模以上工业生产情况统计报表及指标说明,"This sheet contains March 2023 Shanghai municipal scale-up industrial production statistics, including monthly and January-March 2023 cumulative data for total industrial output value (broken down by ownership type and enterprise scale tier), industrial product sales rate, and scale-up industrial export delivery value, paired with official statistical scope definitions, data collection channel explanations, and formal statistical metric interpretations. Blank rows separate the data table from the official note section.",Industrial Statistics|Municipal Economic Monitoring|Manufacturing Industry Analysis|Official Public Economic Data Publishing,Publish monthly and cumulative industrial production performance data for Shanghai's scale-up industrial enterprises|Break down industrial output metrics by ownership type and enterprise scale|Provide official statistical methodology and indicator explanations for transparency,Industrial Economic Statistics|Monthly Municipal Economic Reports|Aggregated Industrial Performance Metrics|Official Government Publication Data,"Each non-note, non-header row corresponds to a specific industrial statistical indicator or subgroup (total output, ownership subgroups, enterprise size subgroups, sales rate, export delivery value) with paired monthly and year-to-date growth metrics.",Scale-up Industrial Enterprise|Industrial Output Value|Industrial Product Sales Rate|Export Delivery Value|Enterprise Ownership Type|Enterprise Scale Tier|Statistical Indicator,Monthly Scale-up Industrial Output Value (100 million yuan)|Year-on-year Monthly Growth Rate (%)|January-March 2023 Cumulative Industrial Output Value (100 million yuan)|Year-on-year Cumulative Growth Rate (%)|Industrial Product Sales Rate (%)|Monthly Export Delivery Value (100 million yuan)|Year-on-year Cumulative Export Growth Rate (%),"Time Period (March 2023, January-March 2023)|Statistical Indicator Category|Enterprise Ownership Type|Enterprise Scale Tier",True,,Monthly and Cumulative Quarterly,"March 2023, January to March 2023",上海规模以上工业生产数据|2023年3月工业统计|工业产值同比增长,规模以上工业总产值|国有控股|私人控股|港澳台商控股|外商控股|大型工业|中型工业|小型工业|工业产品销售率|出口交货值|2023年3月|同比增长|累计产值,规上工业|工业总产值|同比增速|累计工业产值,工业统计|经济监测|上海工业|国民经济核算|政府统计数据,2023年3月上海规模以上工业总产值是多少？|私人控股工业企业3月的同比增速是多少？|1-3月上海市累计工业出口交货值数据|规模以上工业企业的统计范围是什么？|大型工业企业1-3月累计产值是多少？|工业产品销售率的计算公式是什么？,0.96,"All inferences are fully supported by the provided sheet data, including the official Shanghai municipal statistical notes and table structure. Some growth rate metrics are missing for the industrial product sales rate with no explicit clarification, but this does not impact core understanding.",Year-on-year growth rates for the industrial product sales rate are missing from the source data with no explanatory note.
,inspect_file_test_file.xlsx,cash flow statement,"Consolidated Cash Flow Statement for Fiscal Years Ended December 31, 2020 and 2021 (Denominated in Millions of CHF)","This sheet is an official consolidated cash flow statement for the years ending December 31, 2020 and 2021, denominated in millions of Swiss Francs. It breaks down cash inflows and outflows into operating, investing, and financing activity categories, includes currency retranslation adjustments, reconciles beginning and ending cash and cash equivalents balances, and contains one explanatory note regarding treasury share buyback activities. Blank rows separate each activity category and the final cash reconciliation section.",Corporate Financial Accounting|Consolidated Financial Reporting|Multinational Enterprise Finance|Annual Financial Statement Disclosure,Disclose annual consolidated cash flow performance for the reporting entity|Break down cash movements by core activity type|Reconcile cash and cash equivalents balances across fiscal years|Provide official explanatory notes for financial statement line items,Consolidated Financial Statements|Cash Flow Statement|Annual Corporate Financial Reports|Official Accounting Disclosure Data,"Each non-blank, non-header row corresponds to a single cash flow line item, grouped under operating, investing, or financing activity categories, plus reconciliation rows for cash and cash equivalents balances.",Consolidated Cash Flows|Operating Cash Activities|Investing Cash Activities|Financing Cash Activities|Cash and Cash Equivalents|Treasury Shares|Corporate Financial Line Items,Operating Profit|Depreciation and Amortization|Impairment Losses|Net Result on Disposal of Businesses|Non-Cash Income/Expense Items|Working Capital Changes|Operating Cash Flow|Capital Expenditure|Intangible Asset Expenditure|Business Acquisition/Disposal Cash Flows|Investments in Associates/Joint Ventures|Investing Cash Flow|Dividends Paid to Shareholders|Treasury Share Purchase|Long/Short Term Debt Cash Flows|Financing Cash Flow|Currency Retranslation Adjustments|Net Change in Cash and Cash Equivalents|Beginning/Ending Cash and Cash Equivalents,"Fiscal Year (2021, 2020)|Cash Flow Activity Category|Financial Line Item Name|Note Reference Number|Denomination Currency (CHF Millions)",True,2021|2020,Annual Fiscal Year,"Fiscal years ending December 31, 2020 and 2021",Consolidated Cash Flow Statement|2020-2021 Corporate Cash Flows|CHF Denominated Financial Reports,cash flow statement|2021|2020|CHF millions|operating cash flow|investing cash flow|financing cash flow|cash and cash equivalents|treasury shares|business acquisition|dividends paid,CFS|cash flow report|Swiss Franc millions,financial accounting|IFRS reporting|corporate finance|annual financial statements|treasury share buybacks,What was the 2021 consolidated operating cash flow?|What was the net change in cash and equivalents for 2020?|Explain the treasury share buyback note (a)?|What was the 2021 investing cash flow total?|What was the 2020 ending cash and equivalents balance?,0.98,"All inferences are fully supported by the provided sheet structure, standard global financial reporting conventions, and the included explanatory note. No critical unsupported assumptions are made.",
,inspect_file_test_file.xlsx,flat-table-data-with-none-num,全球电影票房收入排名统计表（按人民币、美元计价）,本工作表包含全球票房排名前63位的影片数据，按人民币总票房（亿元）降序排列，同时列出对应影片的美元总票房（亿美元）及上映年份，涵盖1993年至2025年上映的多部热门影视IP作品，表格为扁平化无汇总行结构。,影视行业|票房数据分析|娱乐产业统计|全球电影市场研究,按票房规模对全球电影进行排名|统计不同计价货币下的影片票房数据|记录影片上映年份与商业表现的对应关系|为全球电影市场分析提供参考数据,票房统计报表|电影商业表现数据|扁平化行业统计表格|娱乐产业 metrics 数据,每一行对应一部上榜全球票房排名的电影，包含其排名、中文片名、上映年份、人民币票房及美元票房数据,电影|票房收入|上映年份|全球票房排名,人民币总票房（亿元）|美元总票房（亿美元）,票房排名|电影名称|上映年份|计价货币类型,True,上映年份,年度,1993年至2025年,全球电影票房排名|人民币票房统计|美元票房数据|电影上映年份,票房排名|电影名称|上映年份|人民币票房|美元票房|阿凡达|复仇者联盟|2024年电影|2025年电影,电影票房|票房收入|CNY票房|USD票房|影片排名,电影市场|影视行业|票房统计|热门电影,全球票房排名第一的电影是哪部？|2024年上映的电影票房排名情况如何？|列出美元票房超过10亿美元的电影|查询《阿凡达》系列的总票房数据|2019年上映的电影有哪些上榜？,0.96,所有数据结构清晰，表头明确，样本数据完整，仅第64行的电影片名可能存在拼写或翻译错误，无额外标注说明。,第64行的电影片名「咒咒之魔童闭眼」可能存在翻译或命名错误，无外部信息确认正确名称。
,inspect_file_test_file.xlsx,flat-table-data：美国十年期国债收益率历史数据,美国十年期国债收益率每日历史统计报表,本工作表包含美国十年期国债收益率的每日历史交易数据，涵盖2005年1月3日起共1534条交易记录，每条记录包含交易日期、收盘收益率、开盘收益率、当日最高收益率、当日最低收益率及当日涨跌幅百分比，为扁平化无汇总行的时间序列数据表。,金融市场|固定收益证券|政府债券数据分析|宏观经济金融统计,追踪美国十年期国债收益率的每日波动情况|提供历史国债交易价格数据用于市场分析|支持金融研究与债券市场趋势研判,固定收益金融数据|每日国债收益率统计|历史市场交易数据|扁平化时间序列数据表,每一行对应单个交易日的美国十年期国债收益率交易数据,美国十年期国债|国债收益率|交易日期|债券交易指标,收盘收益率|开盘收益率|当日最高收益率|当日最低收益率|当日涨跌幅百分比,交易日期|收益率指标类型,True,日期,每日,2005年1月3日至今（根据1534条记录推断）,美国十年期国债收益率|国债历史数据|每日债券收益率,日期|收盘收益率|开盘收益率|最高收益率|最低收益率|涨跌幅|十年期国债|国债收益率|2005,10年期美债收益率|国债交易数据|每日收益率,债券市场|固定收益|美联储货币政策|金融数据分析,2005年1月3日美国十年期国债收盘收益率是多少？|2005年3月9日的国债最高收益率是多少？|查询2005年1月的所有国债收益率数据|美国十年期国债收益率的历史涨跌幅情况如何？|列出2005年4月的国债开盘收益率数据,0.98,所有推断均基于清晰的表头与完整的样本数据，表格结构为标准扁平化时间序列表，无缺失核心信息，仅无法确认数据的精确截止日期，但不影响整体语义理解。,
,inspect_file_test_file.xlsx,flat-table-with-long-col-name,美国国债不同期限固定到期日市场收益率每日历史统计报表,本工作表包含1566个交易日的美国国债不同期限固定到期日市场收益率每日历史数据，覆盖1个月至30年共11种国债期限品种，所有收益率以投资基准报价，部分交易日存在ND（无数据）标记，为扁平化无汇总行的时间序列金融数据表。,金融市场|固定收益证券|美国国债数据分析|宏观经济金融统计,追踪不同期限美国国债的每日市场收益率|提供历史收益率曲线数据用于金融分析|支持固定收益投资研究与货币政策研判,固定收益收益率数据|每日国债市场统计|时间序列金融数据|扁平化财务报表,每一行对应单个交易日的所有跟踪期限美国国债市场收益率数据,美国国债|固定到期日收益率|交易日|国债收益率曲线,1个月期固定到期日市场收益率|3个月期固定到期日市场收益率|6个月期固定到期日市场收益率|1年期固定到期日市场收益率|2年期固定到期日市场收益率|3年期固定到期日市场收益率|5年期固定到期日市场收益率|7年期固定到期日市场收益率|10年期固定到期日市场收益率|20年期固定到期日市场收益率|30年期固定到期日市场收益率,交易日|国债期限品种,True,交易日（A列）,每日,2005年1月3日至2025年左右（基于1566条每日记录推断）,美国国债收益率|不同期限国债收益率|每日国债市场数据,US Treasury yield|constant maturity|1-month yield|10-year yield|30-year yield|trading date|ND无数据|investment basis,美债收益率|国债收益率曲线|到期收益率,固定收益投资|美联储货币政策|金融市场分析|收益率曲线,2005年1月3日的10年期美国国债收益率是多少？|列出2005年2月所有交易日的30年期国债收益率数据|查询存在ND无数据标记的交易日|2005年2月24日的5年期国债收益率是多少？|获取所有1个月期国债收益率的历史数据,0.97,所有推断均基于清晰的表头和样本数据，部分交易日存在ND无数据标记，无关键信息缺失或歧义。,数据集的确切截止日期未明确标注，仅能基于1566条每日记录进行推断。
,inspect_file_test_file.xlsx,kpi-five-year-review,Volkswagen Group 2024 Annual Report Five-Year Performance Review (2020-2024),"This sheet contains 2020-2024 five-year annual performance data from Volkswagen Group's 2024 annual report, including operational metrics (vehicle sales, production volume, average employee count), full income statement, balance sheet, and cash flow data, with units in thousands of units or millions of EUR. Two notes are included to disclose that 2022 and 2023 reported figures have been adjusted per IAS 8 standards.",Automotive Manufacturing|Corporate Financial Reporting|Annual Disclosure|KPI Performance Tracking,Disclose annual operational and financial performance data for Volkswagen Group between 2020 and 2024|Provide performance analysis basis for investors and stakeholders|Present restated historical financial data in compliance with international accounting standards,Annual Financial Report|KPI Performance Metrics|Automotive Industry Financial Data|Consolidated Corporate Financial Statements,"Each non-title/non-header row corresponds to a specific operational or financial KPI line item, with values reported for fiscal years 2020, 2021, 2022, 2023, and 2024.",Volkswagen Group|Vehicle Sales Volume|Vehicle Production Volume|Average Employee Count|Financial Statement Line Items|Cash Flow Metrics,Vehicle Sales (thousands of units)|Vehicle Production (thousands of units)|Yearly Average Employees (thousands of people)|Sales Revenue (millions of EUR)|Cost of Sales (millions of EUR)|Gross Profit (millions of EUR)|Operating Expenses (millions of EUR)|Operating Result (millions of EUR)|Financial Result (millions of EUR)|Earnings Before/After Tax (millions of EUR)|Personnel Expenses (millions of EUR)|Balance Sheet Line Item Amounts (millions of EUR)|Operating/Investing/Financing Activity Cash Flows (millions of EUR),"Fiscal Year (2020, 2021, 2022, 2023, 2024)|KPI Category|Geographic Segment (Germany, Abroad)",True,2024|2023|2022|2021|2020,Fiscal Year,2020 to 2024,Volkswagen Group Five-Year Performance Review|2024 Annual Report Data|Automotive Industry Financial Metrics,Volkswagen|VW Group|Annual Report|KPI|Vehicle Sales|Production Volume|Income Statement|Balance Sheet|Cash Flow|IAS 8 Adjustment,Volkswagen Group|Annual Financial Review|Operational Metrics|Financial Indicators,Automotive Manufacturing Finance|International Accounting Standards|Investor Analysis|Corporate Performance Disclosure,What was Volkswagen Group's 2024 global vehicle sales?|What was Volkswagen's 2024 net earnings after tax?|What is the trend of Volkswagen's overseas sales between 2020 and 2024?|Which fiscal years have restated financial data per IAS 8?|What was Volkswagen Group's 2022 operating profit?,0.96,"All data aligns with standard Volkswagen Group annual report structure. The note rows explicitly confirm restatements for 2022 and 2023 fiscal years. Minor ambiguity exists from formatting errors in column headers (C5 shows 20231, D5 shows 20222, intended to be 2023 and 2022).","Column headers contain formatting errors (20231, 20222) with no explicit correction note; detailed geographic segment statistical口径 is not fully clarified."
,新乡市固定资产投资项目表（总表）.xlsx,Sheet1,新乡市固定资产投资项目综合统计总报表,"This sheet is a comprehensive statistical table for fixed asset investment projects in Xinxiang City, with 40 rows and 23 columns. It covers overall city-level data, sub-county/district breakdowns, and industry department-level statistics, including total project count, total investment, annual planned investment, cumulative completed investment since the start of the year, and investment metrics for projects in various statuses (ongoing, planned new start, preliminary, planned, suspended, revoked, completed). The investment completion rate is calculated as cumulative completed investment divided by annual planned investment.",Local Government Statistics|Fixed Asset Investment Management|Regional Economic Development|Project Investment Supervision,"Comprehensively统计 fixed asset investment projects in Xinxiang City at city, district/county, and industry department levels|Track project investment progress and completion status|Classify and统计 investment project scale by project status|Provide data support for local government investment decision-making",Government Statistical Report|Fixed Asset Investment Data|Regional Project Statistics|Departmental Project Statistics,"Each row corresponds to fixed asset investment project statistics for one administrative region (municipal level, districts/counties) or industry department in Xinxiang City, plus one total summary row for the entire city.",Fixed Asset Investment Project|Administrative Region|Industry Competent Department|Project Investment Scale|Project Status Category,Total Project Count|Total Investment|Annual Planned Investment|Cumulative Completed Investment Since Year Start|Ongoing Project Count|Ongoing Project Total Investment|Planned New Start Project Count|Planned New Start Project Total Investment|Preliminary Project Count|Preliminary Project Total Investment|Planned Project Count|Planned Project Total Investment|Suspended Project Count|Suspended Project Total Investment|Revoked Project Count|Revoked Project Total Investment|Completed Project Count|Completed Project Total Investment|Investment Completion Rate,Administrative Region/Department|Project Status Category|Statistical Indicator Type,True,,Annual (with year-to-date cumulative statistics),Current statistical year of Xinxiang City (with year-to-date cumulative completed investment data),Xinxiang City Fixed Asset Investment Statistics|Regional Project Investment Data|Industry Department Investment Statistics,固定资产投资|新乡市|项目个数|总投资|年度计划投资|累计完成投资|在建项目|计划新开工项目|前期项目|区县投资|行业部门投资,固投项目|投资项目统计|项目投资规模,Local Economic Statistics|Government Investment Supervision|Project Progress Tracking|Regional Economic Development,What is the total fixed asset investment scale of Xinxiang City?|How many fixed asset investment projects are there in Changyuan City?|What is the total annual planned investment of the municipal level?|Which district/county has the highest total investment?|What is the fixed asset investment status of the Municipal Bureau of Industry and Information Technology?|What is the investment completion rate of each industry department in Xinxiang City?,0.94,"All data has clear statistical dimensions and indicator meanings, with layered and clear headers. Some district/county and department rows have empty cumulative completed investment data marked as '暂无数据', and some values have minor decimal precision differences, with no core information missing.",The pricing unit for investment indicators is not explicitly marked (inferred to be ten thousand yuan).
,example_table.xlsx,PELAGIC,UK Vessel Pelagic Fish Stock Landings and Quota Uptake Statistical Report,"This sheet contains pelagic fish stock fisheries data including regional landings (Scotland, England/Wales/NI, Abroad), total UK landings with year-over-year percentage changes, UK fishing quota allocations, and weekly/annual quota uptake metrics for major pelagic stocks (herring, mackerel, blue whiting, sandeels, etc.) and their sub-stocks. The report includes 4 explanatory footnotes at the bottom of the sheet, and some cells contain #DIV/0! errors due to missing divisor data.",Fisheries Management|Marine Resource Statistics|UK Quota Compliance|Pelagic Stock Monitoring,Track regional landings of pelagic fish stocks by UK fishing vessels|Calculate year-over-year changes in fish landings and quota uptake|Monitor progress against annual fishing quotas|Provide standardized fisheries statistical data for stock management,Fisheries Statistical Report|Pelagic Stock Landings Data|Quota Compliance Metrics|Marine Resource Management Dataset,"Each non-header, non-note row corresponds to a single pelagic fish stock or sub-stock, with paired metrics for landings, quota uptake, and annual/weekly performance changes.",Pelagic Fish Stock|UK Fishing Vessel|Fish Landings Volume|Fishing Quota|Fishing Region|Quota Uptake,Regional Fish Landings (Tonnes)|Total UK Landings (Tonnes)|Year-over-Year Percentage Change in Landings|Annual UK Fishing Quota (Tonnes)|Weekly Quota Uptake (Tonnes)|Annual Quota Uptake Percentage (2022/2023),Pelagic Fish Stock Name|Reporting Year (2022/2023)|Fishing Region|Sub-Stock Classification|Quota Status,True,2022|2023|past week|2022 annual comparison|2023 annual comparison,Weekly and Annual,"2022 to 2023, with weekly real-time quota uptake reporting",UK Pelagic Fisheries Statistics|Fish Quota Uptake Data|Pelagic Stock Landings,pelagic fish|herring|mackerel|blue whiting|sandeels|fish landings|quota uptake|UK vessels|2022|2023|fisheries statistics,pelagic stocks|fisheries landings|fish quota compliance|marine resource data,Fisheries Management|UK Quota System|Marine Stock Assessment|Commercial Fishing,What was the total UK landings for North Sea Herring in 2023?|What is the 2023 quota uptake percentage for West Coast Mackerel?|Which pelagic stocks had year-over-year landings growth in 2023?|What are the explanatory notes for this fisheries report?|What is the UK quota for Blue Whiting in 2023?,0.92,"All core inferences are supported by the provided table structure and sample data. Some cells contain #DIV/0! errors with no explicit explanation, and some regional landing data is marked as 0/blank with no clarification. The exact weekly reporting period for quota uptake is not explicitly defined.",#DIV/0! error cells have no explicit explanation|Exact weekly reporting window for quota uptake is not specified|Some regional landing columns have missing/blank values with no context
,student.xlsx,student,2025级软件工程专业学生基础信息表,本工作表包含100名2025级软件工程专业学生的基础个人与入学信息，分为软工1班和软工2班两个班级，每条记录对应一名学生的学号、姓名、性别及班级分配情况，无额外附加数据。,教育|高等教育|学生管理|软件工程专业教务管理,记录软件工程专业2025级新生的基础身份信息与班级分组情况|管理学生入学后的班级分配|提供学生基础名录数据用于教务行政工作,学生主数据|基础学生信息|班级招生记录,每一行对应一名软件工程专业学生的完整基础信息，包含学号、姓名、性别及所属班级,学生|软件工程班级|学生学号|学生性别,,学号|姓名|性别|班级,True,,招生年级,2025级新生入学年度,学生基础信息|软件工程专业学生名单|班级学生名录,学号|姓名|性别|班级|软工1班|软工2班|SE2025|学生信息,学生编号|学生名单|班级分组,学生管理|教务管理|新生入学信息,列出软工1班的所有学生名单|查询学号SE2025014的学生姓名和班级|统计软工2班的女生人数|查看2025级软件工程专业全体学生的性别分布|查找姓名为朱琳的学生所在班级,0.98,所有学生记录均包含完整的学号、姓名、性别及班级信息，数据无缺失或格式错误，所有推断均基于表格内的明确内容，无额外假设。,
